seqs,fitness,0,1,2,3,4,5,6,7,8,9,10,11,12,13,14,15,16,17,18,19,20,21,22,23,24,25,26,27,28,29,30,31,32,33,34,35,36,37,38,39,40,41,42,43,44,45,46,47,48,49,50,51,52,53,54,55,56,57,58,59,60,61,62,63,64,65,66,67,68,69,70,71,72,73,74,75,76,77,78,79,80,81,82,83,84,85,86,87,88,89,90,91,92,93,94,95,96,97,98,99,100,101,102,103,104,105,106,107,108,109,110,111,112,113,114,115,116,117,118,119,120,121,122,123,124,125,126,127,128,129,130,131,132,133,134,135,136,137,138,139,140,141,142,143,144,145,146,147,148,149,150,151,152,153,154,155,156,157,158,159,160,161,162,163,164,165,166,167,168,169,170,171,172,173,174,175,176,177,178,179,180,181,182,183,184,185,186,187,188,189,190,191,192,193,194,195,196,197,198,199,200,201,202,203,204,205,206,207
MKKYWNRRKNRVEDFINKLTSQLSKLFPDAIFIFEDLDKFNMYDKNSNFNRNLDRTNWRKIAKKLEYKSVVLYVNPHYTSKTCPVCGSKMKSQEGQVVKCDKCGIFDRQFVRCYNIFKRGVELAKKLLGGVGVPVAGAEVDDLLSNEPRGELRLVKPNPNVEAKLPVRKSNRRFELQNPKDFVQIFDFPLMVYTVDLNGKYLKIYNCP,1.0,M,K,K,Y,W,N,R,R,K,N,R,V,E,D,F,I,N,K,L,T,S,Q,L,S,K,L,F,P,D,A,I,F,I,F,E,D,L,D,K,F,N,M,Y,D,K,N,S,N,F,N,R,N,L,D,R,T,N,W,R,K,I,A,K,K,L,E,Y,K,S,V,V,L,Y,V,N,P,H,Y,T,S,K,T,C,P,V,C,G,S,K,M,K,S,Q,E,G,Q,V,V,K,C,D,K,C,G,I,F,D,R,Q,F,V,R,C,Y,N,I,F,K,R,G,V,E,L,A,K,K,L,L,G,G,V,G,V,P,V,A,G,A,E,V,D,D,L,L,S,N,E,P,R,G,E,L,R,L,V,K,P,N,P,N,V,E,A,K,L,P,V,R,K,S,N,R,R,F,E,L,Q,N,P,K,D,F,V,Q,I,F,D,F,P,L,M,V,Y,T,V,D,L,N,G,K,Y,L,K,I,Y,N,C,P
MKKYHNRRKNRVEDFINKLTSQLSKLFPDAIFIFEDLKKFNMYDKNSNFNRNLDRTNWRKIAKKLEYKSVVLYVNWHYTSKTCPVCGSKMKSQEGQVFKCPKCGIFDRDFVRCYNIFKRGVELAKKLMGGVGVPTAGAEVDDLLSNEPRGELRLVKPNPNVEAKLPVRKSNRRFELQNPKDFVQIFDFPLMVYTVDLNGKYLKIYNCP,1.17145788669586,M,K,K,Y,H,N,R,R,K,N,R,V,E,D,F,I,N,K,L,T,S,Q,L,S,K,L,F,P,D,A,I,F,I,F,E,D,L,K,K,F,N,M,Y,D,K,N,S,N,F,N,R,N,L,D,R,T,N,W,R,K,I,A,K,K,L,E,Y,K,S,V,V,L,Y,V,N,W,H,Y,T,S,K,T,C,P,V,C,G,S,K,M,K,S,Q,E,G,Q,V,F,K,C,P,K,C,G,I,F,D,R,D,F,V,R,C,Y,N,I,F,K,R,G,V,E,L,A,K,K,L,M,G,G,V,G,V,P,T,A,G,A,E,V,D,D,L,L,S,N,E,P,R,G,E,L,R,L,V,K,P,N,P,N,V,E,A,K,L,P,V,R,K,S,N,R,R,F,E,L,Q,N,P,K,D,F,V,Q,I,F,D,F,P,L,M,V,Y,T,V,D,L,N,G,K,Y,L,K,I,Y,N,C,P
MKKYHNRRKNRVEDFHNKLTSQLSKLFPDAIFIFEDLDKFNMYDKNSNFNRNLDRTNWRKIAKKIEYKSVVLYVNWHYTSKTCPVCGHKMKSQEGQVFKCDKCGIFDRQFVRCYNIFKRGVELAKELLGNVGVPVAGAEVDDLLSNEPRGELRLVKPNPNVEAKLPVRKSNRRFELQNPKDFVQIFDFPLMVYTVDLNGKYLKIYNCP,0.740065097808838,M,K,K,Y,H,N,R,R,K,N,R,V,E,D,F,H,N,K,L,T,S,Q,L,S,K,L,F,P,D,A,I,F,I,F,E,D,L,D,K,F,N,M,Y,D,K,N,S,N,F,N,R,N,L,D,R,T,N,W,R,K,I,A,K,K,I,E,Y,K,S,V,V,L,Y,V,N,W,H,Y,T,S,K,T,C,P,V,C,G,H,K,M,K,S,Q,E,G,Q,V,F,K,C,D,K,C,G,I,F,D,R,Q,F,V,R,C,Y,N,I,F,K,R,G,V,E,L,A,K,E,L,L,G,N,V,G,V,P,V,A,G,A,E,V,D,D,L,L,S,N,E,P,R,G,E,L,R,L,V,K,P,N,P,N,V,E,A,K,L,P,V,R,K,S,N,R,R,F,E,L,Q,N,P,K,D,F,V,Q,I,F,D,F,P,L,M,V,Y,T,V,D,L,N,G,K,Y,L,K,I,Y,N,C,P
MKKYWNRRKNRVEDFINKLTSQLSKLYPDAIFIFEDLKKFNMYKKNSNFNRRLDRTNWYKIAKKLEYKSVVLYVNPHYTSQTCPVCGSKMKSQEGQVWHCDKCGIFDRQFVRCYNIFKRGVELAKKLLGGVGVPVAGAEVDDLLSNEPRGFGRLVKPNPNVEAKLPVRKSNRRFELQNPKDFVQIFDFPLMVYTVDLNGKYLKIYNCP,1.35950255393982,M,K,K,Y,W,N,R,R,K,N,R,V,E,D,F,I,N,K,L,T,S,Q,L,S,K,L,Y,P,D,A,I,F,I,F,E,D,L,K,K,F,N,M,Y,K,K,N,S,N,F,N,R,R,L,D,R,T,N,W,Y,K,I,A,K,K,L,E,Y,K,S,V,V,L,Y,V,N,P,H,Y,T,S,Q,T,C,P,V,C,G,S,K,M,K,S,Q,E,G,Q,V,W,H,C,D,K,C,G,I,F,D,R,Q,F,V,R,C,Y,N,I,F,K,R,G,V,E,L,A,K,K,L,L,G,G,V,G,V,P,V,A,G,A,E,V,D,D,L,L,S,N,E,P,R,G,F,G,R,L,V,K,P,N,P,N,V,E,A,K,L,P,V,R,K,S,N,R,R,F,E,L,Q,N,P,K,D,F,V,Q,I,F,D,F,P,L,M,V,Y,T,V,D,L,N,G,K,Y,L,K,I,Y,N,C,P
MKKYWNRRKNRVEDFINKLTSQLSKLFPDAIFIFEDLDKFNMYDKNSNFNRNLDRTNWRKIAKKLEYKSVVLYVNPHYTSKTCPVCGYKMKSQEGQVVHCPKCGYFNRQFVACYNIFKRGVELAKELLGGVGVPVTGAEVDDLLSNEPRGELKLVKPNPNVEAKLPVRKSNRRFELQNPKDFVQIFDFPLMVYTVDLNGKYLKIYNCP,1.0150043964386,M,K,K,Y,W,N,R,R,K,N,R,V,E,D,F,I,N,K,L,T,S,Q,L,S,K,L,F,P,D,A,I,F,I,F,E,D,L,D,K,F,N,M,Y,D,K,N,S,N,F,N,R,N,L,D,R,T,N,W,R,K,I,A,K,K,L,E,Y,K,S,V,V,L,Y,V,N,P,H,Y,T,S,K,T,C,P,V,C,G,Y,K,M,K,S,Q,E,G,Q,V,V,H,C,P,K,C,G,Y,F,N,R,Q,F,V,A,C,Y,N,I,F,K,R,G,V,E,L,A,K,E,L,L,G,G,V,G,V,P,V,T,G,A,E,V,D,D,L,L,S,N,E,P,R,G,E,L,K,L,V,K,P,N,P,N,V,E,A,K,L,P,V,R,K,S,N,R,R,F,E,L,Q,N,P,K,D,F,V,Q,I,F,D,F,P,L,M,V,Y,T,V,D,L,N,G,K,Y,L,K,I,Y,N,C,P
MKKYWNRRKNRVEDFINKLTSWLSKLFPDAIIIFEDLDKFNMYDKNSNFNRNLDRWNWRKIAKKLEFKSVVLYVNPHYTSKTCPVCGSKMKSQEGQVWKCPKCGIFNRDFVRCYNIFKRGVELAKELLGGVGVPVAGAEVDDLLSNEPRGELRLVKPNPNVEAKLPVRKSNRRFELQNPKDFVQIFDFPLMVYTVDLNGKYLKIYNCP,0.94822895526886,M,K,K,Y,W,N,R,R,K,N,R,V,E,D,F,I,N,K,L,T,S,W,L,S,K,L,F,P,D,A,I,I,I,F,E,D,L,D,K,F,N,M,Y,D,K,N,S,N,F,N,R,N,L,D,R,W,N,W,R,K,I,A,K,K,L,E,F,K,S,V,V,L,Y,V,N,P,H,Y,T,S,K,T,C,P,V,C,G,S,K,M,K,S,Q,E,G,Q,V,W,K,C,P,K,C,G,I,F,N,R,D,F,V,R,C,Y,N,I,F,K,R,G,V,E,L,A,K,E,L,L,G,G,V,G,V,P,V,A,G,A,E,V,D,D,L,L,S,N,E,P,R,G,E,L,R,L,V,K,P,N,P,N,V,E,A,K,L,P,V,R,K,S,N,R,R,F,E,L,Q,N,P,K,D,F,V,Q,I,F,D,F,P,L,M,V,Y,T,V,D,L,N,G,K,Y,L,K,I,Y,N,C,P
MKKYWNRRKNRVEDFINKLTSQLSKLFPDAIFIFENLDKFNMYDKNSNFNRNLDRTNFRKIAKKIEFKSVVLYVNPHYTSKTCPVCGSKMKSQEGQVWHCDKCGIFDRDFNRCYNIFKRGVELAKKLLNGVGVPVTGAEVDDLLSNEPRGELRLVKPNPNVEAKLPVRKSNRRFELQNPKDFVQIFDFPLMVYTVDLNGKYLKIYNCP,1.13908815383911,M,K,K,Y,W,N,R,R,K,N,R,V,E,D,F,I,N,K,L,T,S,Q,L,S,K,L,F,P,D,A,I,F,I,F,E,N,L,D,K,F,N,M,Y,D,K,N,S,N,F,N,R,N,L,D,R,T,N,F,R,K,I,A,K,K,I,E,F,K,S,V,V,L,Y,V,N,P,H,Y,T,S,K,T,C,P,V,C,G,S,K,M,K,S,Q,E,G,Q,V,W,H,C,D,K,C,G,I,F,D,R,D,F,N,R,C,Y,N,I,F,K,R,G,V,E,L,A,K,K,L,L,N,G,V,G,V,P,V,T,G,A,E,V,D,D,L,L,S,N,E,P,R,G,E,L,R,L,V,K,P,N,P,N,V,E,A,K,L,P,V,R,K,S,N,R,R,F,E,L,Q,N,P,K,D,F,V,Q,I,F,D,F,P,L,M,V,Y,T,V,D,L,N,G,K,Y,L,K,I,Y,N,C,P
MKKYYNKRKNRVEDFINKLTSQLSKLYPDAIFIFEDLKKFNMYDKNSNFNRNLDRTNWRKIAKKLEYKSVVLYVNPHYTSKTCPVCGSKMKSQEGQVVKCPKCGWFDRQFVRCFNIFKRGVELAKELMGGVGVPVAGAEVDDLLSNEPRGELRLVKPNPNVEAKLPVRKSNRRFELQNPKDFVQIFDFPLMVYTVDLNGKYLKIYNCP,0.789957761764526,M,K,K,Y,Y,N,K,R,K,N,R,V,E,D,F,I,N,K,L,T,S,Q,L,S,K,L,Y,P,D,A,I,F,I,F,E,D,L,K,K,F,N,M,Y,D,K,N,S,N,F,N,R,N,L,D,R,T,N,W,R,K,I,A,K,K,L,E,Y,K,S,V,V,L,Y,V,N,P,H,Y,T,S,K,T,C,P,V,C,G,S,K,M,K,S,Q,E,G,Q,V,V,K,C,P,K,C,G,W,F,D,R,Q,F,V,R,C,F,N,I,F,K,R,G,V,E,L,A,K,E,L,M,G,G,V,G,V,P,V,A,G,A,E,V,D,D,L,L,S,N,E,P,R,G,E,L,R,L,V,K,P,N,P,N,V,E,A,K,L,P,V,R,K,S,N,R,R,F,E,L,Q,N,P,K,D,F,V,Q,I,F,D,F,P,L,M,V,Y,T,V,D,L,N,G,K,Y,L,K,I,Y,N,C,P
MKKYWNRRKNRVEDFINKLTSWLSKLFPDAIFIFEDLDKFNMYDKNSNFNRNLDRWNWRKIAKWLEYKSVVLYVNWHYTSQTCPVCGSKMKSQEGQVVKCDKCGIHNRQFVRCFNIFKRGVELAKKLLNGVGVPTAGAEVDDLLSNEPRGELRLVKPNPNVEAKLPVRKSNRRFELQNPKDFVQIFDFPLMVYTVDLNGKYLKIYNCP,0.88479220867157,M,K,K,Y,W,N,R,R,K,N,R,V,E,D,F,I,N,K,L,T,S,W,L,S,K,L,F,P,D,A,I,F,I,F,E,D,L,D,K,F,N,M,Y,D,K,N,S,N,F,N,R,N,L,D,R,W,N,W,R,K,I,A,K,W,L,E,Y,K,S,V,V,L,Y,V,N,W,H,Y,T,S,Q,T,C,P,V,C,G,S,K,M,K,S,Q,E,G,Q,V,V,K,C,D,K,C,G,I,H,N,R,Q,F,V,R,C,F,N,I,F,K,R,G,V,E,L,A,K,K,L,L,N,G,V,G,V,P,T,A,G,A,E,V,D,D,L,L,S,N,E,P,R,G,E,L,R,L,V,K,P,N,P,N,V,E,A,K,L,P,V,R,K,S,N,R,R,F,E,L,Q,N,P,K,D,F,V,Q,I,F,D,F,P,L,M,V,Y,T,V,D,L,N,G,K,Y,L,K,I,Y,N,C,P
MKKYYNKRKNRVEDFINKLTSQLSKLFPDAIFIFEDLDKFNMYDKNSNFNRNLDRTNWRKIAKKLEWKSVVLYVNPHYTSKTCPVCGHKMKSQEGQVVKCDKCGIHDRDFVRCYNIFKRGVELAKKLLGGVGVPVAGAEVDDLLSNEPRGFLKLMKPNPNVEAKLPVRKSNRRFELQNPKDFVQIFDFPLMVYTVDLNGKYLKIYNCP,1.13147234916687,M,K,K,Y,Y,N,K,R,K,N,R,V,E,D,F,I,N,K,L,T,S,Q,L,S,K,L,F,P,D,A,I,F,I,F,E,D,L,D,K,F,N,M,Y,D,K,N,S,N,F,N,R,N,L,D,R,T,N,W,R,K,I,A,K,K,L,E,W,K,S,V,V,L,Y,V,N,P,H,Y,T,S,K,T,C,P,V,C,G,H,K,M,K,S,Q,E,G,Q,V,V,K,C,D,K,C,G,I,H,D,R,D,F,V,R,C,Y,N,I,F,K,R,G,V,E,L,A,K,K,L,L,G,G,V,G,V,P,V,A,G,A,E,V,D,D,L,L,S,N,E,P,R,G,F,L,K,L,M,K,P,N,P,N,V,E,A,K,L,P,V,R,K,S,N,R,R,F,E,L,Q,N,P,K,D,F,V,Q,I,F,D,F,P,L,M,V,Y,T,V,D,L,N,G,K,Y,L,K,I,Y,N,C,P
MKKYHNRRKNRVEDFINKLTSQLSKLFPDAIFIFEDLDKFNMYDKNSNFNRNLDRTNWRKIQKKLEWKSVVLYVNPHYTSKTCPVCGSKMKSQEGQVVHCDKCGIFDRQFVRCYNIFKRGVELAKKLLGGVGVPVAGAEVDDLLSNEPRGEGKLVKPNPNVEAKLPVRKSNRRFELQNPKDFVQIFDFPLMVYTVDLNGKYLKIYNCP,1.06683158874512,M,K,K,Y,H,N,R,R,K,N,R,V,E,D,F,I,N,K,L,T,S,Q,L,S,K,L,F,P,D,A,I,F,I,F,E,D,L,D,K,F,N,M,Y,D,K,N,S,N,F,N,R,N,L,D,R,T,N,W,R,K,I,Q,K,K,L,E,W,K,S,V,V,L,Y,V,N,P,H,Y,T,S,K,T,C,P,V,C,G,S,K,M,K,S,Q,E,G,Q,V,V,H,C,D,K,C,G,I,F,D,R,Q,F,V,R,C,Y,N,I,F,K,R,G,V,E,L,A,K,K,L,L,G,G,V,G,V,P,V,A,G,A,E,V,D,D,L,L,S,N,E,P,R,G,E,G,K,L,V,K,P,N,P,N,V,E,A,K,L,P,V,R,K,S,N,R,R,F,E,L,Q,N,P,K,D,F,V,Q,I,F,D,F,P,L,M,V,Y,T,V,D,L,N,G,K,Y,L,K,I,Y,N,C,P
MKKYWNRRKNRVEDFINKWTSQLSKLFPDAIFIFENLDKFNMYDKNSNFNRNLDRTNWRKIAKKLEYKSVVLYVNWHYTSKTCPVCGSKMKSQEGQVVKCDKCGYFDRQFVRCYNIFKRGVELAKKLMGGVGVPVAGAEVDDLLSNEPRGEGKLVKPNPNVEAKLPVRKSNRRFELQNPKDFVQIFDFPLMVYTVDLNGKYLKIYNCP,0.871728658676147,M,K,K,Y,W,N,R,R,K,N,R,V,E,D,F,I,N,K,W,T,S,Q,L,S,K,L,F,P,D,A,I,F,I,F,E,N,L,D,K,F,N,M,Y,D,K,N,S,N,F,N,R,N,L,D,R,T,N,W,R,K,I,A,K,K,L,E,Y,K,S,V,V,L,Y,V,N,W,H,Y,T,S,K,T,C,P,V,C,G,S,K,M,K,S,Q,E,G,Q,V,V,K,C,D,K,C,G,Y,F,D,R,Q,F,V,R,C,Y,N,I,F,K,R,G,V,E,L,A,K,K,L,M,G,G,V,G,V,P,V,A,G,A,E,V,D,D,L,L,S,N,E,P,R,G,E,G,K,L,V,K,P,N,P,N,V,E,A,K,L,P,V,R,K,S,N,R,R,F,E,L,Q,N,P,K,D,F,V,Q,I,F,D,F,P,L,M,V,Y,T,V,D,L,N,G,K,Y,L,K,I,Y,N,C,P
MKKYWNRRKNRVEDFINKLTSQLVKLFPDAIIIFEDLDKFNMYDKNSNFNRNLDRTNWRKIAKKLEYKSVVLYVNPHYTSKTCPVCGSKMKSQEGQVWKCDKCGIHDRQFVRCFNIFKRGVELAKKLMGGVGVPVAGAEVDDLLSNEPRGELRLVKPNPNVEAKLPVRKSNRRFELQNPKDFVQIFDFPLMVYTVDLNGKYLKIYNCP,0.836104571819305,M,K,K,Y,W,N,R,R,K,N,R,V,E,D,F,I,N,K,L,T,S,Q,L,V,K,L,F,P,D,A,I,I,I,F,E,D,L,D,K,F,N,M,Y,D,K,N,S,N,F,N,R,N,L,D,R,T,N,W,R,K,I,A,K,K,L,E,Y,K,S,V,V,L,Y,V,N,P,H,Y,T,S,K,T,C,P,V,C,G,S,K,M,K,S,Q,E,G,Q,V,W,K,C,D,K,C,G,I,H,D,R,Q,F,V,R,C,F,N,I,F,K,R,G,V,E,L,A,K,K,L,M,G,G,V,G,V,P,V,A,G,A,E,V,D,D,L,L,S,N,E,P,R,G,E,L,R,L,V,K,P,N,P,N,V,E,A,K,L,P,V,R,K,S,N,R,R,F,E,L,Q,N,P,K,D,F,V,Q,I,F,D,F,P,L,M,V,Y,T,V,D,L,N,G,K,Y,L,K,I,Y,N,C,P
MKKYHNRRKNRVEDFINKLTSQLSKLFPDAIFIFEDLDKFNMYDKNSNFNRNLDRTNWYKIAKKLEYKSVVLYVNPHYTSKTCPVCGSKMKSQEGQVWKCDKCGYFDRQFVRCYNIFKRGVELAKELLGGVGVPVAGAEVDDLLSNEPRGELRLVKPNPNVEAKLPVRKSNRRFELQNPKDFVQIFDFPLMVYTVDLNGKYLKIYNCP,0.771299123764038,M,K,K,Y,H,N,R,R,K,N,R,V,E,D,F,I,N,K,L,T,S,Q,L,S,K,L,F,P,D,A,I,F,I,F,E,D,L,D,K,F,N,M,Y,D,K,N,S,N,F,N,R,N,L,D,R,T,N,W,Y,K,I,A,K,K,L,E,Y,K,S,V,V,L,Y,V,N,P,H,Y,T,S,K,T,C,P,V,C,G,S,K,M,K,S,Q,E,G,Q,V,W,K,C,D,K,C,G,Y,F,D,R,Q,F,V,R,C,Y,N,I,F,K,R,G,V,E,L,A,K,E,L,L,G,G,V,G,V,P,V,A,G,A,E,V,D,D,L,L,S,N,E,P,R,G,E,L,R,L,V,K,P,N,P,N,V,E,A,K,L,P,V,R,K,S,N,R,R,F,E,L,Q,N,P,K,D,F,V,Q,I,F,D,F,P,L,M,V,Y,T,V,D,L,N,G,K,Y,L,K,I,Y,N,C,P
MKKYWNRRKNRREDFINKLTSWLVKLFPDAIFIFEDLDKFNMYDKNSNFNRNLDRTNWRKIQKKLEYKSVVLYVNPHYTSKTCPVCGSKMKSQEGRVFKCDKCGIFDRQFVACYNIFKRGVELAKKLLNGVGVPVAGAEVDDLLSNEPRGELKLMKPNPNVEAKLPVRKSNRRFELQNPKDFVQIFDFPLMVYTVDLNGKYLKIYNCP,0.940459966659546,M,K,K,Y,W,N,R,R,K,N,R,R,E,D,F,I,N,K,L,T,S,W,L,V,K,L,F,P,D,A,I,F,I,F,E,D,L,D,K,F,N,M,Y,D,K,N,S,N,F,N,R,N,L,D,R,T,N,W,R,K,I,Q,K,K,L,E,Y,K,S,V,V,L,Y,V,N,P,H,Y,T,S,K,T,C,P,V,C,G,S,K,M,K,S,Q,E,G,R,V,F,K,C,D,K,C,G,I,F,D,R,Q,F,V,A,C,Y,N,I,F,K,R,G,V,E,L,A,K,K,L,L,N,G,V,G,V,P,V,A,G,A,E,V,D,D,L,L,S,N,E,P,R,G,E,L,K,L,M,K,P,N,P,N,V,E,A,K,L,P,V,R,K,S,N,R,R,F,E,L,Q,N,P,K,D,F,V,Q,I,F,D,F,P,L,M,V,Y,T,V,D,L,N,G,K,Y,L,K,I,Y,N,C,P
MKKYWNRRKNRVEDFINKLTSQLSKLFPDAIFIMENLDKFNMYDKNSNFNRNLDRTNWRKIAKKLEWKSVVLYVNPHYTSKTCPVCGSKMKSQEGRVVKCDKCGYFDRQFVACFNIFKRGVELAKKLLGGVGVPVAGAEVDDLLSNEPRGELRLVKPNPNVEAKLPVRKSNRRFELQNPKDFVQIFDFPLMVYTVDLNGKYLKIYNCP,0.918873250484467,M,K,K,Y,W,N,R,R,K,N,R,V,E,D,F,I,N,K,L,T,S,Q,L,S,K,L,F,P,D,A,I,F,I,M,E,N,L,D,K,F,N,M,Y,D,K,N,S,N,F,N,R,N,L,D,R,T,N,W,R,K,I,A,K,K,L,E,W,K,S,V,V,L,Y,V,N,P,H,Y,T,S,K,T,C,P,V,C,G,S,K,M,K,S,Q,E,G,R,V,V,K,C,D,K,C,G,Y,F,D,R,Q,F,V,A,C,F,N,I,F,K,R,G,V,E,L,A,K,K,L,L,G,G,V,G,V,P,V,A,G,A,E,V,D,D,L,L,S,N,E,P,R,G,E,L,R,L,V,K,P,N,P,N,V,E,A,K,L,P,V,R,K,S,N,R,R,F,E,L,Q,N,P,K,D,F,V,Q,I,F,D,F,P,L,M,V,Y,T,V,D,L,N,G,K,Y,L,K,I,Y,N,C,P
MKKYWNRRKNRVEDFINKLTSQLSKLFPDAIFIFEDLDKFNMYDKNSNFNRNLDRTNYRKFAKKLEYKSVVLYVNWHYTSKTCPVCGSKMKSQEGQVVKCDKCGYFDRQFNRCYNIFKRGVELAKKLLGGVGVPVTGAEVDDLLSNEPRGELKLVKPNPNVEAKLPVRKSNRRFELQNPKDFVQIFDFPLMVYTVDLNGKYLKIYNCP,1.27675271034241,M,K,K,Y,W,N,R,R,K,N,R,V,E,D,F,I,N,K,L,T,S,Q,L,S,K,L,F,P,D,A,I,F,I,F,E,D,L,D,K,F,N,M,Y,D,K,N,S,N,F,N,R,N,L,D,R,T,N,Y,R,K,F,A,K,K,L,E,Y,K,S,V,V,L,Y,V,N,W,H,Y,T,S,K,T,C,P,V,C,G,S,K,M,K,S,Q,E,G,Q,V,V,K,C,D,K,C,G,Y,F,D,R,Q,F,N,R,C,Y,N,I,F,K,R,G,V,E,L,A,K,K,L,L,G,G,V,G,V,P,V,T,G,A,E,V,D,D,L,L,S,N,E,P,R,G,E,L,K,L,V,K,P,N,P,N,V,E,A,K,L,P,V,R,K,S,N,R,R,F,E,L,Q,N,P,K,D,F,V,Q,I,F,D,F,P,L,M,V,Y,T,V,D,L,N,G,K,Y,L,K,I,Y,N,C,P
MKRYWNRRKNRVEDFINKLTSWLSKLFPDAIFIFEDLDKFNMYDKNSNFNRNLDRTNYRKIQKKLEYKSVVLYVNPHYTSKTCPVCGYKMKSQEGQVVKCDKCGYFNRQFVRCYNIFKRGVELAKKLLGGVGVPVAGAEVDDLLSNEPRGELRLVKPNPNVEAKLPVRKSNRRFELQNPKDFVQIFDFPLMVYTVDLNGKYLKIYNCP,0.827506065368652,M,K,R,Y,W,N,R,R,K,N,R,V,E,D,F,I,N,K,L,T,S,W,L,S,K,L,F,P,D,A,I,F,I,F,E,D,L,D,K,F,N,M,Y,D,K,N,S,N,F,N,R,N,L,D,R,T,N,Y,R,K,I,Q,K,K,L,E,Y,K,S,V,V,L,Y,V,N,P,H,Y,T,S,K,T,C,P,V,C,G,Y,K,M,K,S,Q,E,G,Q,V,V,K,C,D,K,C,G,Y,F,N,R,Q,F,V,R,C,Y,N,I,F,K,R,G,V,E,L,A,K,K,L,L,G,G,V,G,V,P,V,A,G,A,E,V,D,D,L,L,S,N,E,P,R,G,E,L,R,L,V,K,P,N,P,N,V,E,A,K,L,P,V,R,K,S,N,R,R,F,E,L,Q,N,P,K,D,F,V,Q,I,F,D,F,P,L,M,V,Y,T,V,D,L,N,G,K,Y,L,K,I,Y,N,C,P
MKKYWNRRKNRVEDFINKLTSQLSKLFPDAIFIMEDLDKFNMYDKNSNFNRNLDRWNWRKIAKWLEYKSVVLYVNPHYTSKTCPVCGSKMKSQEGQVVKCPKCGIFDRQFVRCYNIFKRGVELAKKLMGGVGVPVTGAEVDDLLSNEPRGELRLVKPNPNVEAKLPVRKSNRRFELQNPKDFVQIFDFPLMVYTVDLNGKYLKIYNCP,0.859051048755646,M,K,K,Y,W,N,R,R,K,N,R,V,E,D,F,I,N,K,L,T,S,Q,L,S,K,L,F,P,D,A,I,F,I,M,E,D,L,D,K,F,N,M,Y,D,K,N,S,N,F,N,R,N,L,D,R,W,N,W,R,K,I,A,K,W,L,E,Y,K,S,V,V,L,Y,V,N,P,H,Y,T,S,K,T,C,P,V,C,G,S,K,M,K,S,Q,E,G,Q,V,V,K,C,P,K,C,G,I,F,D,R,Q,F,V,R,C,Y,N,I,F,K,R,G,V,E,L,A,K,K,L,M,G,G,V,G,V,P,V,T,G,A,E,V,D,D,L,L,S,N,E,P,R,G,E,L,R,L,V,K,P,N,P,N,V,E,A,K,L,P,V,R,K,S,N,R,R,F,E,L,Q,N,P,K,D,F,V,Q,I,F,D,F,P,L,M,V,Y,T,V,D,L,N,G,K,Y,L,K,I,Y,N,C,P
MKKYWNRRKNRVEDFINKLTSQLSKLFPDAIFIFEDLDKFNMYDKNSNFNRNLDRTNWRKIAKWLEYKSVVLYVNPHYTSKTCPVCGSKMKSQEGQVWKCPKCGWFDRQFVRCYNIFKRGVELAKELLGNVGVPVAGAEVDDLLSNEPRGELRLVKPNPNVEAKLPVRKSNRRFELQNPKDFVQIFDFPLMVYTVDLNGKYLKIYNCP,0.736629724502563,M,K,K,Y,W,N,R,R,K,N,R,V,E,D,F,I,N,K,L,T,S,Q,L,S,K,L,F,P,D,A,I,F,I,F,E,D,L,D,K,F,N,M,Y,D,K,N,S,N,F,N,R,N,L,D,R,T,N,W,R,K,I,A,K,W,L,E,Y,K,S,V,V,L,Y,V,N,P,H,Y,T,S,K,T,C,P,V,C,G,S,K,M,K,S,Q,E,G,Q,V,W,K,C,P,K,C,G,W,F,D,R,Q,F,V,R,C,Y,N,I,F,K,R,G,V,E,L,A,K,E,L,L,G,N,V,G,V,P,V,A,G,A,E,V,D,D,L,L,S,N,E,P,R,G,E,L,R,L,V,K,P,N,P,N,V,E,A,K,L,P,V,R,K,S,N,R,R,F,E,L,Q,N,P,K,D,F,V,Q,I,F,D,F,P,L,M,V,Y,T,V,D,L,N,G,K,Y,L,K,I,Y,N,C,P
MKKYYNRRKNRVEDFINKLTSQLSKLFPDAIFIFEDLDKFNMYDKNSYFNRNLDRWNWRKIQKKLEWKSVVLYVNPHYTSKTCPVCGSKMKSQEGRVWKCDKCGIFDRQFVRCYNIFKRGVELAKKLLNGVGVPVAGAEVDDLLSNEPRGELKLVKPNPNVEAKLPVRKSNRRFELQNPKDFVQIFDFPLMVYTVDLNGKYLKIYNCP,1.27072501182556,M,K,K,Y,Y,N,R,R,K,N,R,V,E,D,F,I,N,K,L,T,S,Q,L,S,K,L,F,P,D,A,I,F,I,F,E,D,L,D,K,F,N,M,Y,D,K,N,S,Y,F,N,R,N,L,D,R,W,N,W,R,K,I,Q,K,K,L,E,W,K,S,V,V,L,Y,V,N,P,H,Y,T,S,K,T,C,P,V,C,G,S,K,M,K,S,Q,E,G,R,V,W,K,C,D,K,C,G,I,F,D,R,Q,F,V,R,C,Y,N,I,F,K,R,G,V,E,L,A,K,K,L,L,N,G,V,G,V,P,V,A,G,A,E,V,D,D,L,L,S,N,E,P,R,G,E,L,K,L,V,K,P,N,P,N,V,E,A,K,L,P,V,R,K,S,N,R,R,F,E,L,Q,N,P,K,D,F,V,Q,I,F,D,F,P,L,M,V,Y,T,V,D,L,N,G,K,Y,L,K,I,Y,N,C,P
MKKYWNRRKNRVEDFIHKLTSQLSKLFPDAIFIMEDLDKFNMYDKNSNFNRNLDRTNWRKIAKKLEFKSVVLYVNPHYTSKTCPVCGSKMKSQEGQVVHCPKCGIFDRDFNRCYNIFKRGVELAKELMGGVGVPVAGAEVDDLLSNEPRGELRLVKPNPNVEAKLPVRKSNRRFELQNPKDFVQIFDFPLMVYTVDLNGKYLKIYNCP,1.04040336608887,M,K,K,Y,W,N,R,R,K,N,R,V,E,D,F,I,H,K,L,T,S,Q,L,S,K,L,F,P,D,A,I,F,I,M,E,D,L,D,K,F,N,M,Y,D,K,N,S,N,F,N,R,N,L,D,R,T,N,W,R,K,I,A,K,K,L,E,F,K,S,V,V,L,Y,V,N,P,H,Y,T,S,K,T,C,P,V,C,G,S,K,M,K,S,Q,E,G,Q,V,V,H,C,P,K,C,G,I,F,D,R,D,F,N,R,C,Y,N,I,F,K,R,G,V,E,L,A,K,E,L,M,G,G,V,G,V,P,V,A,G,A,E,V,D,D,L,L,S,N,E,P,R,G,E,L,R,L,V,K,P,N,P,N,V,E,A,K,L,P,V,R,K,S,N,R,R,F,E,L,Q,N,P,K,D,F,V,Q,I,F,D,F,P,L,M,V,Y,T,V,D,L,N,G,K,Y,L,K,I,Y,N,C,P
MKKYWNRRKNRVEDFINKLTSWLSKLFPDAIFIFEDLDKFNMYDKNSNFNRNIDRWNYRKIAKKIEYKSVVLYVNPHYTSKTCPVCGSKMKSQEGQVVKCDKCGIFNRQFVRCYNIFKRGVELAKKLLNGVGVPVAGAEVDDLLSNEPRGFLRLVKPNPNVEAKLPVRKSNRRFELQNPKDFVQIFDFPLMVYTVDLNGKYLKIYNCP,1.00819754600525,M,K,K,Y,W,N,R,R,K,N,R,V,E,D,F,I,N,K,L,T,S,W,L,S,K,L,F,P,D,A,I,F,I,F,E,D,L,D,K,F,N,M,Y,D,K,N,S,N,F,N,R,N,I,D,R,W,N,Y,R,K,I,A,K,K,I,E,Y,K,S,V,V,L,Y,V,N,P,H,Y,T,S,K,T,C,P,V,C,G,S,K,M,K,S,Q,E,G,Q,V,V,K,C,D,K,C,G,I,F,N,R,Q,F,V,R,C,Y,N,I,F,K,R,G,V,E,L,A,K,K,L,L,N,G,V,G,V,P,V,A,G,A,E,V,D,D,L,L,S,N,E,P,R,G,F,L,R,L,V,K,P,N,P,N,V,E,A,K,L,P,V,R,K,S,N,R,R,F,E,L,Q,N,P,K,D,F,V,Q,I,F,D,F,P,L,M,V,Y,T,V,D,L,N,G,K,Y,L,K,I,Y,N,C,P
MKKYWNRRKNRVEDFINKLTSQLSKLFPDAIFIFEDLDKFNMYDKNSNFNRNLDRTNYRKIAKKLEYKSVVLYVNWHYTSKTCPVCGSKMKSQEGQVVKCDKCGIFDRQFVACYNIFKRGVELAKELLGGVGVPTAGAEVDDLLSNEPRGFLRLVKPNPNVEAKLPVRKSNRRFELQNPKDFVQIFDFPLMVYTVDLNGKYLKIYNCP,0.847620368003845,M,K,K,Y,W,N,R,R,K,N,R,V,E,D,F,I,N,K,L,T,S,Q,L,S,K,L,F,P,D,A,I,F,I,F,E,D,L,D,K,F,N,M,Y,D,K,N,S,N,F,N,R,N,L,D,R,T,N,Y,R,K,I,A,K,K,L,E,Y,K,S,V,V,L,Y,V,N,W,H,Y,T,S,K,T,C,P,V,C,G,S,K,M,K,S,Q,E,G,Q,V,V,K,C,D,K,C,G,I,F,D,R,Q,F,V,A,C,Y,N,I,F,K,R,G,V,E,L,A,K,E,L,L,G,G,V,G,V,P,T,A,G,A,E,V,D,D,L,L,S,N,E,P,R,G,F,L,R,L,V,K,P,N,P,N,V,E,A,K,L,P,V,R,K,S,N,R,R,F,E,L,Q,N,P,K,D,F,V,Q,I,F,D,F,P,L,M,V,Y,T,V,D,L,N,G,K,Y,L,K,I,Y,N,C,P
MKKYWNRRKNRVEDFINKLTSWLSKLFPDAIFIMEDLDKFNMYDKNSNFNRNLDRTNWRKIAKWLEYKSVVLYVNPHYTSKTCPVCGSKMKSQEGQVVKCPKCGWFDRQFVRCFNIFKRGVELAKKLLGGVGVPVAGAEVDDLLSNEPRGELKLVKPNPNVEAKLPVRKSNRRFELQNPKDFVQIFDFPLMVYTVDLNGKYLKIYNCP,0.880822896957397,M,K,K,Y,W,N,R,R,K,N,R,V,E,D,F,I,N,K,L,T,S,W,L,S,K,L,F,P,D,A,I,F,I,M,E,D,L,D,K,F,N,M,Y,D,K,N,S,N,F,N,R,N,L,D,R,T,N,W,R,K,I,A,K,W,L,E,Y,K,S,V,V,L,Y,V,N,P,H,Y,T,S,K,T,C,P,V,C,G,S,K,M,K,S,Q,E,G,Q,V,V,K,C,P,K,C,G,W,F,D,R,Q,F,V,R,C,F,N,I,F,K,R,G,V,E,L,A,K,K,L,L,G,G,V,G,V,P,V,A,G,A,E,V,D,D,L,L,S,N,E,P,R,G,E,L,K,L,V,K,P,N,P,N,V,E,A,K,L,P,V,R,K,S,N,R,R,F,E,L,Q,N,P,K,D,F,V,Q,I,F,D,F,P,L,M,V,Y,T,V,D,L,N,G,K,Y,L,K,I,Y,N,C,P
MKKYHNRRKNRVEDFINKLTSWLVKLFPDAIFIFEDLDKFNMYDKNSNFNRNLDRTNWRKIAKWLEYKSVVLYVNWHYTSKTCPVCGSKMKSQEGQVVKCDKCGIFDRQFVRCYNIFKRGVELAKKLLGGVGVPVAGAEVDDLLSNEPRGFLRLVKPNPNVEAKLPVRKSNRRFELQNPKDFVQIFDFPLMVYTVDLNGKYLKIYNCP,0.77813059091568,M,K,K,Y,H,N,R,R,K,N,R,V,E,D,F,I,N,K,L,T,S,W,L,V,K,L,F,P,D,A,I,F,I,F,E,D,L,D,K,F,N,M,Y,D,K,N,S,N,F,N,R,N,L,D,R,T,N,W,R,K,I,A,K,W,L,E,Y,K,S,V,V,L,Y,V,N,W,H,Y,T,S,K,T,C,P,V,C,G,S,K,M,K,S,Q,E,G,Q,V,V,K,C,D,K,C,G,I,F,D,R,Q,F,V,R,C,Y,N,I,F,K,R,G,V,E,L,A,K,K,L,L,G,G,V,G,V,P,V,A,G,A,E,V,D,D,L,L,S,N,E,P,R,G,F,L,R,L,V,K,P,N,P,N,V,E,A,K,L,P,V,R,K,S,N,R,R,F,E,L,Q,N,P,K,D,F,V,Q,I,F,D,F,P,L,M,V,Y,T,V,D,L,N,G,K,Y,L,K,I,Y,N,C,P
MKKYHNRRKNRREDFINKLTSQLVKLFPDAIFIFEDLDKFNMYDKNSNFNRNLDRTNWRKIAKKLEYKSVVLYVNPHYTSKTCPVCGSKMKSQEGQVWKCPKCGIFDRDFVRCYNIFKRGVELAKKLLNGVGVPVAGAEVDDLLSNEPRGELRLVKPNPNVEAKLPVRKSNRRFELQNPKDFVQIFDFPLMVYTVDLNGKYLKIYNCP,1.06116104125977,M,K,K,Y,H,N,R,R,K,N,R,R,E,D,F,I,N,K,L,T,S,Q,L,V,K,L,F,P,D,A,I,F,I,F,E,D,L,D,K,F,N,M,Y,D,K,N,S,N,F,N,R,N,L,D,R,T,N,W,R,K,I,A,K,K,L,E,Y,K,S,V,V,L,Y,V,N,P,H,Y,T,S,K,T,C,P,V,C,G,S,K,M,K,S,Q,E,G,Q,V,W,K,C,P,K,C,G,I,F,D,R,D,F,V,R,C,Y,N,I,F,K,R,G,V,E,L,A,K,K,L,L,N,G,V,G,V,P,V,A,G,A,E,V,D,D,L,L,S,N,E,P,R,G,E,L,R,L,V,K,P,N,P,N,V,E,A,K,L,P,V,R,K,S,N,R,R,F,E,L,Q,N,P,K,D,F,V,Q,I,F,D,F,P,L,M,V,Y,T,V,D,L,N,G,K,Y,L,K,I,Y,N,C,P
MKKYWNRRKNRVEDFIHKLTSQLSKLFPDAIFIFEDLDKFNMYDKNSNFNRNLDRTNWRKIAKKLEWKSVVLYVNPHYTSKTCPVCGSKMKSQEGQVVKCPKCGIFDRQFNRCYNIFKRGVELAKKLLGGVGVPVAGAEVDDLLSNEPRGEGRLVKPNPNVEAKLPVRKSNRRFELQNPKDFVQIFDFPLMVYTVDLNGKYLKIYNCP,1.15357089042664,M,K,K,Y,W,N,R,R,K,N,R,V,E,D,F,I,H,K,L,T,S,Q,L,S,K,L,F,P,D,A,I,F,I,F,E,D,L,D,K,F,N,M,Y,D,K,N,S,N,F,N,R,N,L,D,R,T,N,W,R,K,I,A,K,K,L,E,W,K,S,V,V,L,Y,V,N,P,H,Y,T,S,K,T,C,P,V,C,G,S,K,M,K,S,Q,E,G,Q,V,V,K,C,P,K,C,G,I,F,D,R,Q,F,N,R,C,Y,N,I,F,K,R,G,V,E,L,A,K,K,L,L,G,G,V,G,V,P,V,A,G,A,E,V,D,D,L,L,S,N,E,P,R,G,E,G,R,L,V,K,P,N,P,N,V,E,A,K,L,P,V,R,K,S,N,R,R,F,E,L,Q,N,P,K,D,F,V,Q,I,F,D,F,P,L,M,V,Y,T,V,D,L,N,G,K,Y,L,K,I,Y,N,C,P
MKKYWNRRKNRVEDFINKLTSQLSKLFPDAIFIFEDLDKFNMYDKNSNFNRNLDRTNWRKIAKKLEWKSVVLYVNPHYTSKTCPVCGSKMKSQEGQVVKCDKCGIHDRQFNRCFNIFKRGVELAKELLGGVGVPVAGAEVDDLLSNEPRGELRLVKPNPNVEAKLPVRKSNRRFELQNPKDFVQIFDFPLMVYTVDLNGKYLKIYNCP,0.960472166538238,M,K,K,Y,W,N,R,R,K,N,R,V,E,D,F,I,N,K,L,T,S,Q,L,S,K,L,F,P,D,A,I,F,I,F,E,D,L,D,K,F,N,M,Y,D,K,N,S,N,F,N,R,N,L,D,R,T,N,W,R,K,I,A,K,K,L,E,W,K,S,V,V,L,Y,V,N,P,H,Y,T,S,K,T,C,P,V,C,G,S,K,M,K,S,Q,E,G,Q,V,V,K,C,D,K,C,G,I,H,D,R,Q,F,N,R,C,F,N,I,F,K,R,G,V,E,L,A,K,E,L,L,G,G,V,G,V,P,V,A,G,A,E,V,D,D,L,L,S,N,E,P,R,G,E,L,R,L,V,K,P,N,P,N,V,E,A,K,L,P,V,R,K,S,N,R,R,F,E,L,Q,N,P,K,D,F,V,Q,I,F,D,F,P,L,M,V,Y,T,V,D,L,N,G,K,Y,L,K,I,Y,N,C,P
MKRYHNRRKNRVEDFINKLTSWLSKLFPDAIFIFEDLDKFNMYDKNSNFNRNLDRTNWRKIAKKLEYKSVVLYVNPHYTSKTCPVCGHKMKSQEGQVVKCDKCGIHNRQFVRCYNIFKRGVELAKELLGGVGVPVAGAEVDDLLSNEPRGELRLVKPNPNVEAKLPVRKSNRRFELQNPKDFVQIFDFPLMVYTVDLNGKYLKIYNCP,0.784158766269684,M,K,R,Y,H,N,R,R,K,N,R,V,E,D,F,I,N,K,L,T,S,W,L,S,K,L,F,P,D,A,I,F,I,F,E,D,L,D,K,F,N,M,Y,D,K,N,S,N,F,N,R,N,L,D,R,T,N,W,R,K,I,A,K,K,L,E,Y,K,S,V,V,L,Y,V,N,P,H,Y,T,S,K,T,C,P,V,C,G,H,K,M,K,S,Q,E,G,Q,V,V,K,C,D,K,C,G,I,H,N,R,Q,F,V,R,C,Y,N,I,F,K,R,G,V,E,L,A,K,E,L,L,G,G,V,G,V,P,V,A,G,A,E,V,D,D,L,L,S,N,E,P,R,G,E,L,R,L,V,K,P,N,P,N,V,E,A,K,L,P,V,R,K,S,N,R,R,F,E,L,Q,N,P,K,D,F,V,Q,I,F,D,F,P,L,M,V,Y,T,V,D,L,N,G,K,Y,L,K,I,Y,N,C,P
MKKYWNRRKNRVEDFIHKLTSQLSKLFPDAIFIFEDLDKFNMYDKNSNFNRNLDRTNWRKIAKKLEYKSVVLYVNPHYTSKTCPVCGSKMKSQEGQVVKCDKCGWFDRQFVRCYNIFKRGVELAKKLMGGVGVPVTGAEVDDLLSNEPRGFLRLVKPNPNVEAKLPVRKSNRRFELQNPKDFVQIFDFPLMVYTVDLNGKYLKIYNCP,0.948801636695862,M,K,K,Y,W,N,R,R,K,N,R,V,E,D,F,I,H,K,L,T,S,Q,L,S,K,L,F,P,D,A,I,F,I,F,E,D,L,D,K,F,N,M,Y,D,K,N,S,N,F,N,R,N,L,D,R,T,N,W,R,K,I,A,K,K,L,E,Y,K,S,V,V,L,Y,V,N,P,H,Y,T,S,K,T,C,P,V,C,G,S,K,M,K,S,Q,E,G,Q,V,V,K,C,D,K,C,G,W,F,D,R,Q,F,V,R,C,Y,N,I,F,K,R,G,V,E,L,A,K,K,L,M,G,G,V,G,V,P,V,T,G,A,E,V,D,D,L,L,S,N,E,P,R,G,F,L,R,L,V,K,P,N,P,N,V,E,A,K,L,P,V,R,K,S,N,R,R,F,E,L,Q,N,P,K,D,F,V,Q,I,F,D,F,P,L,M,V,Y,T,V,D,L,N,G,K,Y,L,K,I,Y,N,C,P
MKKYWNRRKNRVEDFINKLTSWLSKLFPDAIFIFEDLDKFNMYDKNSNFNRRLDRTNWRKIAKKLEWKSVVLYVNPHYTSKTCPVCGSKMKSQEGQVFHCDKCGIFNRQFVACYNIFKRGVELAKKLLGGVGVPVTGAEVDDLLSNEPRGFLRLMKPNPNVEAKLPVRKSNRRFELQNPKDFVQIFDFPLMVYTVDLNGKYLKIYNCP,1.15200662612915,M,K,K,Y,W,N,R,R,K,N,R,V,E,D,F,I,N,K,L,T,S,W,L,S,K,L,F,P,D,A,I,F,I,F,E,D,L,D,K,F,N,M,Y,D,K,N,S,N,F,N,R,R,L,D,R,T,N,W,R,K,I,A,K,K,L,E,W,K,S,V,V,L,Y,V,N,P,H,Y,T,S,K,T,C,P,V,C,G,S,K,M,K,S,Q,E,G,Q,V,F,H,C,D,K,C,G,I,F,N,R,Q,F,V,A,C,Y,N,I,F,K,R,G,V,E,L,A,K,K,L,L,G,G,V,G,V,P,V,T,G,A,E,V,D,D,L,L,S,N,E,P,R,G,F,L,R,L,M,K,P,N,P,N,V,E,A,K,L,P,V,R,K,S,N,R,R,F,E,L,Q,N,P,K,D,F,V,Q,I,F,D,F,P,L,M,V,Y,T,V,D,L,N,G,K,Y,L,K,I,Y,N,C,P
MKKYWNKRKNRVEDFIHKLTSQLSKLFPDAIFIFEDLDKFNMYDKNSNFNRNLDRTNFRKIAKKIEFKSVVLYVNPHYTSKTCPVCGSKMKSQEGQVVKCPKCGYFDRQFNRCYNIFKRGVELAKKLLGGVGVPVAGAEVDDLLSNEPRGELRLVKPNPNVEAKLPVRKSNRRFELQNPKDFVQIFDFPLMVYTVDLNGKYLKIYNCP,0.701138138771057,M,K,K,Y,W,N,K,R,K,N,R,V,E,D,F,I,H,K,L,T,S,Q,L,S,K,L,F,P,D,A,I,F,I,F,E,D,L,D,K,F,N,M,Y,D,K,N,S,N,F,N,R,N,L,D,R,T,N,F,R,K,I,A,K,K,I,E,F,K,S,V,V,L,Y,V,N,P,H,Y,T,S,K,T,C,P,V,C,G,S,K,M,K,S,Q,E,G,Q,V,V,K,C,P,K,C,G,Y,F,D,R,Q,F,N,R,C,Y,N,I,F,K,R,G,V,E,L,A,K,K,L,L,G,G,V,G,V,P,V,A,G,A,E,V,D,D,L,L,S,N,E,P,R,G,E,L,R,L,V,K,P,N,P,N,V,E,A,K,L,P,V,R,K,S,N,R,R,F,E,L,Q,N,P,K,D,F,V,Q,I,F,D,F,P,L,M,V,Y,T,V,D,L,N,G,K,Y,L,K,I,Y,N,C,P
MKKYWNRRKNRVEDFINKLTSQLSKLYPDAIFIFEDLDKFNMYDKNSNFNRNLDRTNFRKIAKKLEWKSVVLYVNPHYTSKTCPVCGSKMKSQEGQVVHCDKCGIFDRQFVRCYNIFKRGVELAKKLLGGVGVPTAGAEVDDLLSNEPRGFLKLVKPNPNVEAKLPVRKSNRRFELQNPKDFVQIFDFPLMVYTVDLNGKYLKIYNCP,1.17607569694519,M,K,K,Y,W,N,R,R,K,N,R,V,E,D,F,I,N,K,L,T,S,Q,L,S,K,L,Y,P,D,A,I,F,I,F,E,D,L,D,K,F,N,M,Y,D,K,N,S,N,F,N,R,N,L,D,R,T,N,F,R,K,I,A,K,K,L,E,W,K,S,V,V,L,Y,V,N,P,H,Y,T,S,K,T,C,P,V,C,G,S,K,M,K,S,Q,E,G,Q,V,V,H,C,D,K,C,G,I,F,D,R,Q,F,V,R,C,Y,N,I,F,K,R,G,V,E,L,A,K,K,L,L,G,G,V,G,V,P,T,A,G,A,E,V,D,D,L,L,S,N,E,P,R,G,F,L,K,L,V,K,P,N,P,N,V,E,A,K,L,P,V,R,K,S,N,R,R,F,E,L,Q,N,P,K,D,F,V,Q,I,F,D,F,P,L,M,V,Y,T,V,D,L,N,G,K,Y,L,K,I,Y,N,C,P
MKKYHNRRKNRVEDFINKLTSWLSKLYPDAIFIFEDLKKFNMYKKNSNFNRNIDRTNWRKIAKKLEFKSVVLYVNPHYTSKTCPVCGSKMKSQEGQVVKCDKCGIHDRDFVRCFNIFKRGVELAKKLLGGVGVPVAGAEVDDLLSNEPRGELRLVKPNPNVEAKLPVRKSNRRFELQNPKDFVQIFDFPLMVYTVDLNGKYLKIYNCP,1.2948431968689,M,K,K,Y,H,N,R,R,K,N,R,V,E,D,F,I,N,K,L,T,S,W,L,S,K,L,Y,P,D,A,I,F,I,F,E,D,L,K,K,F,N,M,Y,K,K,N,S,N,F,N,R,N,I,D,R,T,N,W,R,K,I,A,K,K,L,E,F,K,S,V,V,L,Y,V,N,P,H,Y,T,S,K,T,C,P,V,C,G,S,K,M,K,S,Q,E,G,Q,V,V,K,C,D,K,C,G,I,H,D,R,D,F,V,R,C,F,N,I,F,K,R,G,V,E,L,A,K,K,L,L,G,G,V,G,V,P,V,A,G,A,E,V,D,D,L,L,S,N,E,P,R,G,E,L,R,L,V,K,P,N,P,N,V,E,A,K,L,P,V,R,K,S,N,R,R,F,E,L,Q,N,P,K,D,F,V,Q,I,F,D,F,P,L,M,V,Y,T,V,D,L,N,G,K,Y,L,K,I,Y,N,C,P
MKKYWNKRKNRVEDYINKLTSQLSKLFPDAIFIFEDLKKFNMYDKNSNFNRNLDRTNWRKIAKWLEWKSVVLYVNPHYTSKTCPVCGYKMKSQEGQVWHCDKCGIFDRQFVRCYNIFKRGVELAKKLLGGVGVPVAGAEVDDLLSNEPRGELRLVKPNPNVEAKLPVRKSNRRFELQNPKDFVQIFDFPLMVYTVDLNGKYLKIYNCP,0.510561883449554,M,K,K,Y,W,N,K,R,K,N,R,V,E,D,Y,I,N,K,L,T,S,Q,L,S,K,L,F,P,D,A,I,F,I,F,E,D,L,K,K,F,N,M,Y,D,K,N,S,N,F,N,R,N,L,D,R,T,N,W,R,K,I,A,K,W,L,E,W,K,S,V,V,L,Y,V,N,P,H,Y,T,S,K,T,C,P,V,C,G,Y,K,M,K,S,Q,E,G,Q,V,W,H,C,D,K,C,G,I,F,D,R,Q,F,V,R,C,Y,N,I,F,K,R,G,V,E,L,A,K,K,L,L,G,G,V,G,V,P,V,A,G,A,E,V,D,D,L,L,S,N,E,P,R,G,E,L,R,L,V,K,P,N,P,N,V,E,A,K,L,P,V,R,K,S,N,R,R,F,E,L,Q,N,P,K,D,F,V,Q,I,F,D,F,P,L,M,V,Y,T,V,D,L,N,G,K,Y,L,K,I,Y,N,C,P
MKKYWNKRKNRVEDFINKLTSQLSKLFPDAIFIFEDLDKFNMYDKNSNFNRNIDRTNYRKIAKKLEYKSVVLYVNPHYTSKTCPVCGSKMKSQEGQVFKCDKCGIFDRQFNACFNIFKRGVELAKKLLGGVGVPVAGAEVDDLLSNEPRGEGRLVKPNPNVEAKLPVRKSNRRFELQNPKDFVQIFDFPLMVYTVDLNGKYLKIYNCP,0.841415524482727,M,K,K,Y,W,N,K,R,K,N,R,V,E,D,F,I,N,K,L,T,S,Q,L,S,K,L,F,P,D,A,I,F,I,F,E,D,L,D,K,F,N,M,Y,D,K,N,S,N,F,N,R,N,I,D,R,T,N,Y,R,K,I,A,K,K,L,E,Y,K,S,V,V,L,Y,V,N,P,H,Y,T,S,K,T,C,P,V,C,G,S,K,M,K,S,Q,E,G,Q,V,F,K,C,D,K,C,G,I,F,D,R,Q,F,N,A,C,F,N,I,F,K,R,G,V,E,L,A,K,K,L,L,G,G,V,G,V,P,V,A,G,A,E,V,D,D,L,L,S,N,E,P,R,G,E,G,R,L,V,K,P,N,P,N,V,E,A,K,L,P,V,R,K,S,N,R,R,F,E,L,Q,N,P,K,D,F,V,Q,I,F,D,F,P,L,M,V,Y,T,V,D,L,N,G,K,Y,L,K,I,Y,N,C,P
MKKYWNRRKNRVEDFINKLTSQLSKLFPDAIFIFEDLDKFNMYDKNSNFNRNLDRTNYRKIAKWLEYKSVVLYVNPHYTSKTCPVCGSKMKSQEGQVVKCDKCGIFNRQFVRCYNIFKRGVELAKKLMGGVGVPVAGAEVDDLLSNEPRGELKLVKPNPNVEAKLPVRKSNRRFELQNPKDFVQIFDFPLMVYTVDLNGKYLKIYNCP,1.10059905052185,M,K,K,Y,W,N,R,R,K,N,R,V,E,D,F,I,N,K,L,T,S,Q,L,S,K,L,F,P,D,A,I,F,I,F,E,D,L,D,K,F,N,M,Y,D,K,N,S,N,F,N,R,N,L,D,R,T,N,Y,R,K,I,A,K,W,L,E,Y,K,S,V,V,L,Y,V,N,P,H,Y,T,S,K,T,C,P,V,C,G,S,K,M,K,S,Q,E,G,Q,V,V,K,C,D,K,C,G,I,F,N,R,Q,F,V,R,C,Y,N,I,F,K,R,G,V,E,L,A,K,K,L,M,G,G,V,G,V,P,V,A,G,A,E,V,D,D,L,L,S,N,E,P,R,G,E,L,K,L,V,K,P,N,P,N,V,E,A,K,L,P,V,R,K,S,N,R,R,F,E,L,Q,N,P,K,D,F,V,Q,I,F,D,F,P,L,M,V,Y,T,V,D,L,N,G,K,Y,L,K,I,Y,N,C,P
MKKYYNRRKNRVEDFINKLTSQLVKLFPDAIFIFEDLKKFNMYDKNSNFNRNLDRTNWYKIAKKLEYKSVVLYVNPHYTSKTCPVCGHKMKSQEGQVVHCDKCGIFDRDFVRCYNIFKRGVELAKKLMGGVGVPVTGAEVDDLLSNEPRGELRLMKPNPNVEAKLPVRKSNRRFELQNPKDFVQIFDFPLMVYTVDLNGKYLKIYNCP,1.03249287605286,M,K,K,Y,Y,N,R,R,K,N,R,V,E,D,F,I,N,K,L,T,S,Q,L,V,K,L,F,P,D,A,I,F,I,F,E,D,L,K,K,F,N,M,Y,D,K,N,S,N,F,N,R,N,L,D,R,T,N,W,Y,K,I,A,K,K,L,E,Y,K,S,V,V,L,Y,V,N,P,H,Y,T,S,K,T,C,P,V,C,G,H,K,M,K,S,Q,E,G,Q,V,V,H,C,D,K,C,G,I,F,D,R,D,F,V,R,C,Y,N,I,F,K,R,G,V,E,L,A,K,K,L,M,G,G,V,G,V,P,V,T,G,A,E,V,D,D,L,L,S,N,E,P,R,G,E,L,R,L,M,K,P,N,P,N,V,E,A,K,L,P,V,R,K,S,N,R,R,F,E,L,Q,N,P,K,D,F,V,Q,I,F,D,F,P,L,M,V,Y,T,V,D,L,N,G,K,Y,L,K,I,Y,N,C,P
MKRYWNRRKNRVEDFINKLTSQLSKLFPDAIFIMEDLDKFNMYDKNSNFNRNLDRTNWRKIAKWLEYKSVVLYVNWHYTSKTCPVCGSKMKSQEGQVVKCDKCGIFDRQFVRCYNIFKRGVELAKKLLGGVGVPVTGAEVDDLLSNEPRGEGRLVKPNPNVEAKLPVRKSNRRFELQNPKDFVQIFDFPLMVYTVDLNGKYLKIYNCP,0.790945172309875,M,K,R,Y,W,N,R,R,K,N,R,V,E,D,F,I,N,K,L,T,S,Q,L,S,K,L,F,P,D,A,I,F,I,M,E,D,L,D,K,F,N,M,Y,D,K,N,S,N,F,N,R,N,L,D,R,T,N,W,R,K,I,A,K,W,L,E,Y,K,S,V,V,L,Y,V,N,W,H,Y,T,S,K,T,C,P,V,C,G,S,K,M,K,S,Q,E,G,Q,V,V,K,C,D,K,C,G,I,F,D,R,Q,F,V,R,C,Y,N,I,F,K,R,G,V,E,L,A,K,K,L,L,G,G,V,G,V,P,V,T,G,A,E,V,D,D,L,L,S,N,E,P,R,G,E,G,R,L,V,K,P,N,P,N,V,E,A,K,L,P,V,R,K,S,N,R,R,F,E,L,Q,N,P,K,D,F,V,Q,I,F,D,F,P,L,M,V,Y,T,V,D,L,N,G,K,Y,L,K,I,Y,N,C,P
MKKYWNRRKNRVEDFINKLTSWLSKLFPDAIFIFEDLDKFNMYDKNSYFNRNLDRTNWRKIAKKLEWKSVVLYVNWHYTSKTCPVCGSKMKSQEGQVFKCDKCGWFDRQFVRCFNIFKRGVELAKKLMNGVGVPVTGAEVDDLLSNEPRGELRLVKPNPNVEAKLPVRKSNRRFELQNPKDFVQIFDFPLMVYTVDLNGKYLKIYNCP,0.823243916034698,M,K,K,Y,W,N,R,R,K,N,R,V,E,D,F,I,N,K,L,T,S,W,L,S,K,L,F,P,D,A,I,F,I,F,E,D,L,D,K,F,N,M,Y,D,K,N,S,Y,F,N,R,N,L,D,R,T,N,W,R,K,I,A,K,K,L,E,W,K,S,V,V,L,Y,V,N,W,H,Y,T,S,K,T,C,P,V,C,G,S,K,M,K,S,Q,E,G,Q,V,F,K,C,D,K,C,G,W,F,D,R,Q,F,V,R,C,F,N,I,F,K,R,G,V,E,L,A,K,K,L,M,N,G,V,G,V,P,V,T,G,A,E,V,D,D,L,L,S,N,E,P,R,G,E,L,R,L,V,K,P,N,P,N,V,E,A,K,L,P,V,R,K,S,N,R,R,F,E,L,Q,N,P,K,D,F,V,Q,I,F,D,F,P,L,M,V,Y,T,V,D,L,N,G,K,Y,L,K,I,Y,N,C,P
MKKYWNKRKNRVEDYIHKLTSQLSKLFPDAIFIMEDLDKFNMYDKNSNFNRNLDRTNWRKIAKKLEYKSVVLYVNPHYTSKTCPVCGSKMKSQEGQVWKCPKCGIFNRDFVRCYNIFKRGVELAKKLLNNVGVPVAGAEVDDLLSNEPRGELRLVKPNPNVEAKLPVRKSNRRFELQNPKDFVQIFDFPLMVYTVDLNGKYLKIYNCP,0.564308762550354,M,K,K,Y,W,N,K,R,K,N,R,V,E,D,Y,I,H,K,L,T,S,Q,L,S,K,L,F,P,D,A,I,F,I,M,E,D,L,D,K,F,N,M,Y,D,K,N,S,N,F,N,R,N,L,D,R,T,N,W,R,K,I,A,K,K,L,E,Y,K,S,V,V,L,Y,V,N,P,H,Y,T,S,K,T,C,P,V,C,G,S,K,M,K,S,Q,E,G,Q,V,W,K,C,P,K,C,G,I,F,N,R,D,F,V,R,C,Y,N,I,F,K,R,G,V,E,L,A,K,K,L,L,N,N,V,G,V,P,V,A,G,A,E,V,D,D,L,L,S,N,E,P,R,G,E,L,R,L,V,K,P,N,P,N,V,E,A,K,L,P,V,R,K,S,N,R,R,F,E,L,Q,N,P,K,D,F,V,Q,I,F,D,F,P,L,M,V,Y,T,V,D,L,N,G,K,Y,L,K,I,Y,N,C,P
MKKYWNRRKNRVEDFINKLTSQLSKLFPDAIFIFEDLKKFNMYDKNSNFNRNLDRTNWYKIAKKLEYKSVVLYVNPHYTSKTCPVCGSKMKSQEGQVVHCPKCGYFDRQFNACYNIFKRGVELAKELLGGVGVPVAGAEVDDLLSNEPRGELKLVKPNPNVEAKLPVRKSNRRFELQNPKDFVQIFDFPLMVYTVDLNGKYLKIYNCP,0.960828721523285,M,K,K,Y,W,N,R,R,K,N,R,V,E,D,F,I,N,K,L,T,S,Q,L,S,K,L,F,P,D,A,I,F,I,F,E,D,L,K,K,F,N,M,Y,D,K,N,S,N,F,N,R,N,L,D,R,T,N,W,Y,K,I,A,K,K,L,E,Y,K,S,V,V,L,Y,V,N,P,H,Y,T,S,K,T,C,P,V,C,G,S,K,M,K,S,Q,E,G,Q,V,V,H,C,P,K,C,G,Y,F,D,R,Q,F,N,A,C,Y,N,I,F,K,R,G,V,E,L,A,K,E,L,L,G,G,V,G,V,P,V,A,G,A,E,V,D,D,L,L,S,N,E,P,R,G,E,L,K,L,V,K,P,N,P,N,V,E,A,K,L,P,V,R,K,S,N,R,R,F,E,L,Q,N,P,K,D,F,V,Q,I,F,D,F,P,L,M,V,Y,T,V,D,L,N,G,K,Y,L,K,I,Y,N,C,P
MKKYHNRRKNRVEDFINKWTSQLSKLFPDAIIIFEDLDKFNMYDKNSNFNRNIDRTNWRKFAKKLEYKSVVLYVNPHYTSQTCPVCGSKMKSQEGQVWKCDKCGIFDRQFNRCYNIFKRGVELAKKLLGNVGVPVAGAEVDDLLSNEPRGEGRLVKPNPNVEAKLPVRKSNRRFELQNPKDFVQIFDFPLMVYTVDLNGKYLKIYNCP,0.946403324604034,M,K,K,Y,H,N,R,R,K,N,R,V,E,D,F,I,N,K,W,T,S,Q,L,S,K,L,F,P,D,A,I,I,I,F,E,D,L,D,K,F,N,M,Y,D,K,N,S,N,F,N,R,N,I,D,R,T,N,W,R,K,F,A,K,K,L,E,Y,K,S,V,V,L,Y,V,N,P,H,Y,T,S,Q,T,C,P,V,C,G,S,K,M,K,S,Q,E,G,Q,V,W,K,C,D,K,C,G,I,F,D,R,Q,F,N,R,C,Y,N,I,F,K,R,G,V,E,L,A,K,K,L,L,G,N,V,G,V,P,V,A,G,A,E,V,D,D,L,L,S,N,E,P,R,G,E,G,R,L,V,K,P,N,P,N,V,E,A,K,L,P,V,R,K,S,N,R,R,F,E,L,Q,N,P,K,D,F,V,Q,I,F,D,F,P,L,M,V,Y,T,V,D,L,N,G,K,Y,L,K,I,Y,N,C,P
MKRYWNRRKNRVEDFINKLTSQLSKLFPDAIIIMEDLDKFNMYDKNSNFNRNLDRTNWRKIAKKLEYKSVVLYVNPHYTSKTCPVCGSKMKSQEGRVVKCDKCGIFDRQFVRCYNIFKRGVELAKKLLGNVGVPTAGAEVDDLLSNEPRGEGRLVKPNPNVEAKLPVRKSNRRFELQNPKDFVQIFDFPLMVYTVDLNGKYLKIYNCP,0.837859869003296,M,K,R,Y,W,N,R,R,K,N,R,V,E,D,F,I,N,K,L,T,S,Q,L,S,K,L,F,P,D,A,I,I,I,M,E,D,L,D,K,F,N,M,Y,D,K,N,S,N,F,N,R,N,L,D,R,T,N,W,R,K,I,A,K,K,L,E,Y,K,S,V,V,L,Y,V,N,P,H,Y,T,S,K,T,C,P,V,C,G,S,K,M,K,S,Q,E,G,R,V,V,K,C,D,K,C,G,I,F,D,R,Q,F,V,R,C,Y,N,I,F,K,R,G,V,E,L,A,K,K,L,L,G,N,V,G,V,P,T,A,G,A,E,V,D,D,L,L,S,N,E,P,R,G,E,G,R,L,V,K,P,N,P,N,V,E,A,K,L,P,V,R,K,S,N,R,R,F,E,L,Q,N,P,K,D,F,V,Q,I,F,D,F,P,L,M,V,Y,T,V,D,L,N,G,K,Y,L,K,I,Y,N,C,P
MKKYWNRRKNRVEDFINKLTSWLSKLFPDAIFIFEDLDKFNMYDKNSNFNRNLDRTNWYKIAKWLEYKSVVLYVNWHYTSKTCPVCGSKMKSQEGQVVKCPKCGIFDRQFVRCYNIFKRGVELAKKLMGGVGVPVAGAEVDDLLSNEPRGFLRLVKPNPNVEAKLPVRKSNRRFELQNPKDFVQIFDFPLMVYTVDLNGKYLKIYNCP,0.753725171089172,M,K,K,Y,W,N,R,R,K,N,R,V,E,D,F,I,N,K,L,T,S,W,L,S,K,L,F,P,D,A,I,F,I,F,E,D,L,D,K,F,N,M,Y,D,K,N,S,N,F,N,R,N,L,D,R,T,N,W,Y,K,I,A,K,W,L,E,Y,K,S,V,V,L,Y,V,N,W,H,Y,T,S,K,T,C,P,V,C,G,S,K,M,K,S,Q,E,G,Q,V,V,K,C,P,K,C,G,I,F,D,R,Q,F,V,R,C,Y,N,I,F,K,R,G,V,E,L,A,K,K,L,M,G,G,V,G,V,P,V,A,G,A,E,V,D,D,L,L,S,N,E,P,R,G,F,L,R,L,V,K,P,N,P,N,V,E,A,K,L,P,V,R,K,S,N,R,R,F,E,L,Q,N,P,K,D,F,V,Q,I,F,D,F,P,L,M,V,Y,T,V,D,L,N,G,K,Y,L,K,I,Y,N,C,P
MKKYWNRRKNRVEDFINKLTSQLSKLFPDAIFIFEDLDKFNMYDKNSNFNRNLDRTNWRKIAKKIEWKSVVLYVNPHYTSQTCPVCGSKMKSQEGQVFHCDKCGIFNRQFVRCYNIFKRGVELAKELLGNVGVPVAGAEVDDLLSNEPRGELRLVKPNPNVEAKLPVRKSNRRFELQNPKDFVQIFDFPLMVYTVDLNGKYLKIYNCP,0.882001101970673,M,K,K,Y,W,N,R,R,K,N,R,V,E,D,F,I,N,K,L,T,S,Q,L,S,K,L,F,P,D,A,I,F,I,F,E,D,L,D,K,F,N,M,Y,D,K,N,S,N,F,N,R,N,L,D,R,T,N,W,R,K,I,A,K,K,I,E,W,K,S,V,V,L,Y,V,N,P,H,Y,T,S,Q,T,C,P,V,C,G,S,K,M,K,S,Q,E,G,Q,V,F,H,C,D,K,C,G,I,F,N,R,Q,F,V,R,C,Y,N,I,F,K,R,G,V,E,L,A,K,E,L,L,G,N,V,G,V,P,V,A,G,A,E,V,D,D,L,L,S,N,E,P,R,G,E,L,R,L,V,K,P,N,P,N,V,E,A,K,L,P,V,R,K,S,N,R,R,F,E,L,Q,N,P,K,D,F,V,Q,I,F,D,F,P,L,M,V,Y,T,V,D,L,N,G,K,Y,L,K,I,Y,N,C,P
MKKYWNRRKNRVEDFINKLTSWLSKLFPDAIFIFEDLDKFNMYDKNSNFNRNLDRWNWRKIAKKLEYKSVVLYVNWHYTSKTCPVCGSKMKSQEGQVVKCDKCGIFDRQFVRCYNIFKRGVELAKKLLNGVGVPVTGAEVDDLLSNEPRGEGRLVKPNPNVEAKLPVRKSNRRFELQNPKDFVQIFDFPLMVYTVDLNGKYLKIYNCP,0.910918354988098,M,K,K,Y,W,N,R,R,K,N,R,V,E,D,F,I,N,K,L,T,S,W,L,S,K,L,F,P,D,A,I,F,I,F,E,D,L,D,K,F,N,M,Y,D,K,N,S,N,F,N,R,N,L,D,R,W,N,W,R,K,I,A,K,K,L,E,Y,K,S,V,V,L,Y,V,N,W,H,Y,T,S,K,T,C,P,V,C,G,S,K,M,K,S,Q,E,G,Q,V,V,K,C,D,K,C,G,I,F,D,R,Q,F,V,R,C,Y,N,I,F,K,R,G,V,E,L,A,K,K,L,L,N,G,V,G,V,P,V,T,G,A,E,V,D,D,L,L,S,N,E,P,R,G,E,G,R,L,V,K,P,N,P,N,V,E,A,K,L,P,V,R,K,S,N,R,R,F,E,L,Q,N,P,K,D,F,V,Q,I,F,D,F,P,L,M,V,Y,T,V,D,L,N,G,K,Y,L,K,I,Y,N,C,P
MKRYWNRRKNRVEDFINKLTSQLSKLFPDAIIIFEDLDKFNMYDKNSNFNRNIDRTNWRKIAKKLEYKSVVLYVNPHYTSKTCPVCGSKMKSQEGQVVKCDKCGIFDRQFNRCYNIFKRGVELAKKLLGNVGVPVAGAEVDDLLSNEPRGEGRLVKPNPNVEAKLPVRKSNRRFELQNPKDFVQIFDFPLMVYTVDLNGKYLKIYNCP,0.915423214435577,M,K,R,Y,W,N,R,R,K,N,R,V,E,D,F,I,N,K,L,T,S,Q,L,S,K,L,F,P,D,A,I,I,I,F,E,D,L,D,K,F,N,M,Y,D,K,N,S,N,F,N,R,N,I,D,R,T,N,W,R,K,I,A,K,K,L,E,Y,K,S,V,V,L,Y,V,N,P,H,Y,T,S,K,T,C,P,V,C,G,S,K,M,K,S,Q,E,G,Q,V,V,K,C,D,K,C,G,I,F,D,R,Q,F,N,R,C,Y,N,I,F,K,R,G,V,E,L,A,K,K,L,L,G,N,V,G,V,P,V,A,G,A,E,V,D,D,L,L,S,N,E,P,R,G,E,G,R,L,V,K,P,N,P,N,V,E,A,K,L,P,V,R,K,S,N,R,R,F,E,L,Q,N,P,K,D,F,V,Q,I,F,D,F,P,L,M,V,Y,T,V,D,L,N,G,K,Y,L,K,I,Y,N,C,P
MKKYHNRRKNRVEDFINKLTSQLSKLFPDAIFIFEDLDKFNMYDKNSNFNRNIDRTNYRKIAKKLEYKSVVLYVNPHYTSKTCPVCGSKMKSQEGQVWKCDKCGIFDRQFVACYNIFKRGVELAKKLMGGVGVPVAGAEVDDLLSNEPRGELRLVKPNPNVEAKLPVRKSNRRFELQNPKDFVQIFDFPLMVYTVDLNGKYLKIYNCP,0.964371025562286,M,K,K,Y,H,N,R,R,K,N,R,V,E,D,F,I,N,K,L,T,S,Q,L,S,K,L,F,P,D,A,I,F,I,F,E,D,L,D,K,F,N,M,Y,D,K,N,S,N,F,N,R,N,I,D,R,T,N,Y,R,K,I,A,K,K,L,E,Y,K,S,V,V,L,Y,V,N,P,H,Y,T,S,K,T,C,P,V,C,G,S,K,M,K,S,Q,E,G,Q,V,W,K,C,D,K,C,G,I,F,D,R,Q,F,V,A,C,Y,N,I,F,K,R,G,V,E,L,A,K,K,L,M,G,G,V,G,V,P,V,A,G,A,E,V,D,D,L,L,S,N,E,P,R,G,E,L,R,L,V,K,P,N,P,N,V,E,A,K,L,P,V,R,K,S,N,R,R,F,E,L,Q,N,P,K,D,F,V,Q,I,F,D,F,P,L,M,V,Y,T,V,D,L,N,G,K,Y,L,K,I,Y,N,C,P
MKKYWNKRKNRVEDFINKWTSQLSKLYPDAIFIFEDLDKFNMYDKNSYFNRNLDRTNWRKIAKKLEWKSVVLYVNPHYTSKTCPVCGSKMKSQEGQVVKCDKCGIFDRQFNRCYNIFKRGVELAKKLMGNVGVPVAGAEVDDLLSNEPRGELRLVKPNPNVEAKLPVRKSNRRFELQNPKDFVQIFDFPLMVYTVDLNGKYLKIYNCP,0.726927518844604,M,K,K,Y,W,N,K,R,K,N,R,V,E,D,F,I,N,K,W,T,S,Q,L,S,K,L,Y,P,D,A,I,F,I,F,E,D,L,D,K,F,N,M,Y,D,K,N,S,Y,F,N,R,N,L,D,R,T,N,W,R,K,I,A,K,K,L,E,W,K,S,V,V,L,Y,V,N,P,H,Y,T,S,K,T,C,P,V,C,G,S,K,M,K,S,Q,E,G,Q,V,V,K,C,D,K,C,G,I,F,D,R,Q,F,N,R,C,Y,N,I,F,K,R,G,V,E,L,A,K,K,L,M,G,N,V,G,V,P,V,A,G,A,E,V,D,D,L,L,S,N,E,P,R,G,E,L,R,L,V,K,P,N,P,N,V,E,A,K,L,P,V,R,K,S,N,R,R,F,E,L,Q,N,P,K,D,F,V,Q,I,F,D,F,P,L,M,V,Y,T,V,D,L,N,G,K,Y,L,K,I,Y,N,C,P
